[{"text": "ABHINAND K S  Python Backend & AI Engineer\nabhinandks0126@gmail.com\nThrissur, Kerala, India\nlinkedin.com/in/abhinandks006\n8606561420\ngithub.com/Abhinandks06\nPROFESSIONAL SUMMARY\nPython Backend & AI Engineer (MCA 2024) with \nhands-on experience designing and building\nAI-powered backend systems using FastAPI, Django, and \nlocal LLMs (Ollama). Strong in REST\nAPI development, clean architecture, prompt-controlled \nAI integration\n, and production-ready\nbackend design. Seeking entry-level Python Backe", "metadata": {"doc_id": "sample.pdf", "source": "data/users\\user2\\uploads\\sample.pdf", "page": 1}}, {"text": "t-controlled \nAI integration\n, and production-ready\nbackend design. Seeking entry-level Python Backend or \nAI Engineer roles.\nTECHNICAL SKILLS\nProgramming Languages\nPython, JavaScript\nBackend & APIs\nFastAPI, Django, REST APIs, Swagger /  OpenAPI\nAI/ML\nAI Application Development, Large Language Models \n(LLMs), Prompt Engineering, Ollama\nDatabases\nMySQL\nTools & Platforms\nGit, GitHub, Docker (Basics), Kubernetes (Basics)\nEDUCATION\nMaster of Computer Applications (MCA)\nAmal Jyothi College of Enginee", "metadata": {"doc_id": "sample.pdf", "source": "data/users\\user2\\uploads\\sample.pdf", "page": 1}}, {"text": ", Kubernetes (Basics)\nEDUCATION\nMaster of Computer Applications (MCA)\nAmal Jyothi College of Engineering\n2024\nScore: 79.99%\nBachelor of Computer Applications (BCA)\nSree Keralavarma College\n2022\nScore: 66.5%\nCERTIFICATIONS\nCloud Computing - NPTEL\nIntroduction to Internet of Things \u2013 NPTEL\nDocker Essentials\nContainers and Kubernetes Essentials\nPROJECTS\nAI Engineer Job Journey\nTech Stack: Python, FastAPI, Ollama (LLaMA 3), Pydantic\nBuilt a production-structured FastAPI backend using clean \narchitec", "metadata": {"doc_id": "sample.pdf", "source": "data/users\\user2\\uploads\\sample.pdf", "page": 1}}, {"text": "tAPI, Ollama (LLaMA 3), Pydantic\nBuilt a production-structured FastAPI backend using clean \narchitecture principles\nImplemented an offline AI chat API using a local LLM \n(Ollama \u2013 LLaMA 3)\nApplied prompt discipline and system constraints to reduce \nhallucinations\nDesigned structured request and response schemas using \nPydantic\nImplemented graceful error handling and versioned APIs (/ \napi/ v1)\nDocumented APIs using Swagger and followed professional \nGit workflow\nGitHub: github.com/ Abhinandks06/", "metadata": {"doc_id": "sample.pdf", "source": "data/users\\user2\\uploads\\sample.pdf", "page": 1}}, {"text": "umented APIs using Swagger and followed professional \nGit workflow\nGitHub: github.com/ Abhinandks06/ ai-engineer-job-journey\nSmart Tutor - AI-Powered Learning Assistant\nTech Stack: React, Python, Django, AI / NLP\nDeveloped a full-stack AI-powered tutoring system to assist \nstudents with learning\nBuilt an interactive chat-based frontend using React\nImplemented Django backend logic to process user queries \nand deliver AI responses\nDesigned the system to provide context-aware educational \nassistanc", "metadata": {"doc_id": "sample.pdf", "source": "data/users\\user2\\uploads\\sample.pdf", "page": 1}}, {"text": "ueries \nand deliver AI responses\nDesigned the system to provide context-aware educational \nassistance\nDemonstrated practical application of AI in education \ntechnology (EdTech)\nMultiservice Provider Platform\nTech Stack: Python, Django, MySQL\nDeveloped a service-booking web application for cleaning, \nplumbing, and laundry services\nImplemented role-based access for clients, service providers, \nand workers\nBuilt features such as service scheduling, worker assignment, \nnotifications, and feedback\nIm", "metadata": {"doc_id": "sample.pdf", "source": "data/users\\user2\\uploads\\sample.pdf", "page": 1}}, {"text": "orkers\nBuilt features such as service scheduling, worker assignment, \nnotifications, and feedback\nImproved service transparency and operational efficiency\nPUBLICATION\nNational Conference on Emerging Computer Applications \n(NCECA 2024)\nINTERESTS\nBackend Development, AI Engineering, Applied Machine\nLearning, AI-powered Web Applications\n\u2022\n\u2022\n\u2022\n\u2022\n\u2022\n\u2022\n\u2022\n\u2022\n\u2022\n\u2022\n\u2022\n\u2022\n\u2022\n\u2022", "metadata": {"doc_id": "sample.pdf", "source": "data/users\\user2\\uploads\\sample.pdf", "page": 1}}, {"text": "ABHINAND K S  Python Backend & AI Engineer\nabhinandks0126@gmail.com\nThrissur, Kerala, India\nlinkedin.com/in/abhinandks006\n8606561420\ngithub.com/Abhinandks06\nPROFESSIONAL SUMMARY\nPython Backend & AI Engineer (MCA 2024) with \nhands-on experience designing and building\nAI-powered backend systems using FastAPI, Django, and \nlocal LLMs (Ollama). Strong in REST\nAPI development, clean architecture, prompt-controlled \nAI integration\n, and production-ready\nbackend design. Seeking entry-level Python Backe", "metadata": {"doc_id": "sample.pdf", "source": "data/users\\user2\\uploads\\sample.pdf", "page": 1}}, {"text": "t-controlled \nAI integration\n, and production-ready\nbackend design. Seeking entry-level Python Backend or \nAI Engineer roles.\nTECHNICAL SKILLS\nProgramming Languages\nPython, JavaScript\nBackend & APIs\nFastAPI, Django, REST APIs, Swagger /  OpenAPI\nAI/ML\nAI Application Development, Large Language Models \n(LLMs), Prompt Engineering, Ollama\nDatabases\nMySQL\nTools & Platforms\nGit, GitHub, Docker (Basics), Kubernetes (Basics)\nEDUCATION\nMaster of Computer Applications (MCA)\nAmal Jyothi College of Enginee", "metadata": {"doc_id": "sample.pdf", "source": "data/users\\user2\\uploads\\sample.pdf", "page": 1}}, {"text": ", Kubernetes (Basics)\nEDUCATION\nMaster of Computer Applications (MCA)\nAmal Jyothi College of Engineering\n2024\nScore: 79.99%\nBachelor of Computer Applications (BCA)\nSree Keralavarma College\n2022\nScore: 66.5%\nCERTIFICATIONS\nCloud Computing - NPTEL\nIntroduction to Internet of Things \u2013 NPTEL\nDocker Essentials\nContainers and Kubernetes Essentials\nPROJECTS\nAI Engineer Job Journey\nTech Stack: Python, FastAPI, Ollama (LLaMA 3), Pydantic\nBuilt a production-structured FastAPI backend using clean \narchitec", "metadata": {"doc_id": "sample.pdf", "source": "data/users\\user2\\uploads\\sample.pdf", "page": 1}}, {"text": "tAPI, Ollama (LLaMA 3), Pydantic\nBuilt a production-structured FastAPI backend using clean \narchitecture principles\nImplemented an offline AI chat API using a local LLM \n(Ollama \u2013 LLaMA 3)\nApplied prompt discipline and system constraints to reduce \nhallucinations\nDesigned structured request and response schemas using \nPydantic\nImplemented graceful error handling and versioned APIs (/ \napi/ v1)\nDocumented APIs using Swagger and followed professional \nGit workflow\nGitHub: github.com/ Abhinandks06/", "metadata": {"doc_id": "sample.pdf", "source": "data/users\\user2\\uploads\\sample.pdf", "page": 1}}, {"text": "umented APIs using Swagger and followed professional \nGit workflow\nGitHub: github.com/ Abhinandks06/ ai-engineer-job-journey\nSmart Tutor - AI-Powered Learning Assistant\nTech Stack: React, Python, Django, AI / NLP\nDeveloped a full-stack AI-powered tutoring system to assist \nstudents with learning\nBuilt an interactive chat-based frontend using React\nImplemented Django backend logic to process user queries \nand deliver AI responses\nDesigned the system to provide context-aware educational \nassistanc", "metadata": {"doc_id": "sample.pdf", "source": "data/users\\user2\\uploads\\sample.pdf", "page": 1}}, {"text": "ueries \nand deliver AI responses\nDesigned the system to provide context-aware educational \nassistance\nDemonstrated practical application of AI in education \ntechnology (EdTech)\nMultiservice Provider Platform\nTech Stack: Python, Django, MySQL\nDeveloped a service-booking web application for cleaning, \nplumbing, and laundry services\nImplemented role-based access for clients, service providers, \nand workers\nBuilt features such as service scheduling, worker assignment, \nnotifications, and feedback\nIm", "metadata": {"doc_id": "sample.pdf", "source": "data/users\\user2\\uploads\\sample.pdf", "page": 1}}, {"text": "orkers\nBuilt features such as service scheduling, worker assignment, \nnotifications, and feedback\nImproved service transparency and operational efficiency\nPUBLICATION\nNational Conference on Emerging Computer Applications \n(NCECA 2024)\nINTERESTS\nBackend Development, AI Engineering, Applied Machine\nLearning, AI-powered Web Applications\n\u2022\n\u2022\n\u2022\n\u2022\n\u2022\n\u2022\n\u2022\n\u2022\n\u2022\n\u2022\n\u2022\n\u2022\n\u2022\n\u2022", "metadata": {"doc_id": "sample.pdf", "source": "data/users\\user2\\uploads\\sample.pdf", "page": 1}}]