[{"text": " \n \n \n \n \n  \n              \n \n \n        \n               \n               \n             20MCA104-Advanced Computer Networks  \n                                       Assignment II \n       \n \n \n \n \n \n \n                                                                                                                    \n               \n                                                   Submitted by : ABHINAND K S \n         ROLL NO : 03 \n                                                       RMCA \u2013 A \n ", "metadata": {"doc_id": "ACN-ASSIGNMENT2.pdf", "source": "data/users\\2\\uploads\\ACN-ASSIGNMENT2.pdf", "page": 1}}, {"text": "INAND K S \n         ROLL NO : 03 \n                                                       RMCA \u2013 A \n                                                                                                                                                     ", "metadata": {"doc_id": "ACN-ASSIGNMENT2.pdf", "source": "data/users\\2\\uploads\\ACN-ASSIGNMENT2.pdf", "page": 1}}, {"text": "                      BLUETOOTH  \n \nWhat is Bluetooth? \nBluetooth is a network technology that connects  devices wirelessly over a short-range to form a personal \narea network (PAN). They use short-wavelength, ultra-high frequency (UHF) radio waves within the \nrange 2.400 to 2.485 GHz, instead of RS-232 data cables of wired PANs. \nFeatures of Bluetooth \n\u2022 Bluetooth technology was released in 1999 as Bluetooth 1.0, by Special Interest Group \n(SIG) who continues to manage it. \n\u2022 It was initially s", "metadata": {"doc_id": "ACN-ASSIGNMENT2.pdf", "source": "data/users\\2\\uploads\\ACN-ASSIGNMENT2.pdf", "page": 2}}, {"text": "as Bluetooth 1.0, by Special Interest Group \n(SIG) who continues to manage it. \n\u2022 It was initially standardized as IEEE 802.15.1. \n\u2022 Mobile computing devices and accessories are connected wirelessly by Bluetooth using \nshort-range, low-power, inexpensive radios. \n\u2022 UHF radio waves within the range of 2.400 to 2.485 GHz are using for data \ncommunications. \n\u2022 A PAN or a piconet can be created by Bluetooth within a 10 m radius. \n\u2022 Presently, 2 to 8 devices may be connected. \n\u2022 Bluetooth protocols a", "metadata": {"doc_id": "ACN-ASSIGNMENT2.pdf", "source": "data/users\\2\\uploads\\ACN-ASSIGNMENT2.pdf", "page": 2}}, {"text": "etooth within a 10 m radius. \n\u2022 Presently, 2 to 8 devices may be connected. \n\u2022 Bluetooth protocols allow devices within the range to find Bluetooth devices and connect \nwith them. This is called pairing. Once, the devices are paired, they can transfer data \nsecurely. \n\u2022 Bluetooth has lower power consumption and lower implementation costs than Wi -Fi. \nHowever, the range and transmission speeds are typically lower than Wi-Fi. \n\u2022 The lower power requirements make it less susceptible to interferenc", "metadata": {"doc_id": "ACN-ASSIGNMENT2.pdf", "source": "data/users\\2\\uploads\\ACN-ASSIGNMENT2.pdf", "page": 2}}, {"text": " typically lower than Wi-Fi. \n\u2022 The lower power requirements make it less susceptible to interference with other wireless \ndevices in the same 2.4GHz bandwidth. \n\u2022 Bluetooth version 3.0 and higher versions can deliver a data rate of 24 Mbps. \n\u2022 The Bluetooth version 4.0 came in 2010. It is characterized by low energy consumption, \nmultivendor interoperability, the economy of implementation, and greater range. \n \nThere are two types of Bluetooth networks \u2212 \n\u2022 Piconets \n\u2022 Scatternets \n \nPiconets \n", "metadata": {"doc_id": "ACN-ASSIGNMENT2.pdf", "source": "data/users\\2\\uploads\\ACN-ASSIGNMENT2.pdf", "page": 2}}, {"text": "eater range. \n \nThere are two types of Bluetooth networks \u2212 \n\u2022 Piconets \n\u2022 Scatternets \n \nPiconets \n\u2022 Piconets are small Bluetooth networks, formed by at most 8 stations, one of which is the \nmaster node and the rest slave nodes (maximum of 7 slaves). Master node is the primary \nstation that manages the small network. The slave stations are secondar y stations that are \nsynchronized with the primary station. \n\u2022 Communication can take place between a master node and a slave node in either one -to", "metadata": {"doc_id": "ACN-ASSIGNMENT2.pdf", "source": "data/users\\2\\uploads\\ACN-ASSIGNMENT2.pdf", "page": 2}}, {"text": "ry station. \n\u2022 Communication can take place between a master node and a slave node in either one -to-\none or one -to-many manner. However, no direct communication takes place between \n", "metadata": {"doc_id": "ACN-ASSIGNMENT2.pdf", "source": "data/users\\2\\uploads\\ACN-ASSIGNMENT2.pdf", "page": 2}}, {"text": "slaves. Each station, whether ma ster or slave, is associated with a 48 -bit fixed device \naddress. \n\u2022 Besides the seven active slaves, there can be up to 255 numbers of parked nodes. \nThese are in a low power state for energy conservation. The only work that they \ncan do is respond to a beacon frame for activation from the master node. \n \nScatternodes \nA scatternet is an interconnected collection of two or more piconets. They are formed when a node \nin a piconet, whether a master or a slave, ac", "metadata": {"doc_id": "ACN-ASSIGNMENT2.pdf", "source": "data/users\\2\\uploads\\ACN-ASSIGNMENT2.pdf", "page": 3}}, {"text": " of two or more piconets. They are formed when a node \nin a piconet, whether a master or a slave, acts as a slave in another piconet. This node is called the \nbridge between the two piconets, which connects the individual piconets to form the scatternet. \n \n \n \n \n \n \n \n \n \n \n \n", "metadata": {"doc_id": "ACN-ASSIGNMENT2.pdf", "source": "data/users\\2\\uploads\\ACN-ASSIGNMENT2.pdf", "page": 3}}, {"text": " \n                     FIREWALL \n \nWhat is a firewall? \nFirewalls are tools that protect networks by deciding how and what information can enter and \nexit the network. They can be used to protect large networks and individual computers from \nmalware and data theft. Many of today\u2019s digital devices have them built in. Popular operating \nsystems, such as macOS, Windows, and Linux, have prepackaged firewalls for their users, \nincluding essential components of network security.  \nTypes Of Firewalls \n", "metadata": {"doc_id": "ACN-ASSIGNMENT2.pdf", "source": "data/users\\2\\uploads\\ACN-ASSIGNMENT2.pdf", "page": 4}}, {"text": "rewalls for their users, \nincluding essential components of network security.  \nTypes Of Firewalls \n\u2022 Next-generation firewall (NGFW) \n\u2022 Packet-filtering firewall \n\u2022 Proxy firewall \n\u2022 Stateful inspection firewall \n\u2022 Application firewall \n \nFirewall Rules \nThe firewall rules are the access control mechanism used by firewalls to safeguard your network \nfrom harmful applications and unauthorized access. \nThe firewall rules were structured in the following three areas:  \n\u2022 Incoming traffic \n\u2022 Forwar", "metadata": {"doc_id": "ACN-ASSIGNMENT2.pdf", "source": "data/users\\2\\uploads\\ACN-ASSIGNMENT2.pdf", "page": 4}}, {"text": "ss. \nThe firewall rules were structured in the following three areas:  \n\u2022 Incoming traffic \n\u2022 Forwarding \n\u2022 Outgoing traffic \nFirewall 1 \nThese rules were used for Firewall 1:  \nIncoming traffic  \n1. Stop all incoming traffic.  \n2. Allow all related and established traffic for Firewall 1.  \nForwarding traffic  \n1. Stop all forwarding traffic.  \n2. Allow forwarding of TCP traffic from 192.168.40.60 (proxy server) to the \ninternal servers.  \n", "metadata": {"doc_id": "ACN-ASSIGNMENT2.pdf", "source": "data/users\\2\\uploads\\ACN-ASSIGNMENT2.pdf", "page": 4}}, {"text": " (proxy server) to the \ninternal servers.  \n", "metadata": {"doc_id": "ACN-ASSIGNMENT2.pdf", "source": "data/users\\2\\uploads\\ACN-ASSIGNMENT2.pdf", "page": 4}}, {"text": "3. Allow forwarding of all related and established traffic.  \nOutgoing traffic  \nAllow output traffic for ICMP.  \n \nAll servers on the internal zone have Firewall 1 as their default route. \n \nFirewall 2 \nThese rules were used for Firewall 2:  \nIncoming traffic \n1. Stop all incoming traffic.  \n2. Allow all related and established traffic for Firewall 2.  \nForwarding traffic  \n1. Stop all forwarding traffic.  \n2. Allow forwarding of all related and established traffic.  \n3. Allow forwarding of TCP", "metadata": {"doc_id": "ACN-ASSIGNMENT2.pdf", "source": "data/users\\2\\uploads\\ACN-ASSIGNMENT2.pdf", "page": 5}}, {"text": " traffic.  \n2. Allow forwarding of all related and established traffic.  \n3. Allow forwarding of TCP traffic on IP interface 10.10.60.0 (OSA card) to go to \n192.168.40.21 (Firewall 1) and 192.168.40.60 (proxy server), and when Apache is \nmoved into the DMZ, to 192.168.40.100.  \nOutgoing traffic \nAllow output traffic for ICMP. \nThe client needs to be able to route request through the Firewall 2 to the proxy server. \n \n \n \n \n \n \n \n \n \n \n ", "metadata": {"doc_id": "ACN-ASSIGNMENT2.pdf", "source": "data/users\\2\\uploads\\ACN-ASSIGNMENT2.pdf", "page": 5}}, {"text": "the proxy server. \n \n \n \n \n \n \n \n \n \n \n ", "metadata": {"doc_id": "ACN-ASSIGNMENT2.pdf", "source": "data/users\\2\\uploads\\ACN-ASSIGNMENT2.pdf", "page": 5}}, {"text": " \n                          Vpn \nA VPN (virtual private network) provides a secure, encrypted connection between two points. \nBefore setting up the VPN connection, the two endpoints of the connection create a shared \nencryption key. This can be accomplished by providing a user with a password or using a key \nsharing algorithm. \nOnce the key has been shared, it can be used to encrypt all traffic flowing over the VPN \nlink.  For example, a client machine will encrypt data and send it to the other ", "metadata": {"doc_id": "ACN-ASSIGNMENT2.pdf", "source": "data/users\\2\\uploads\\ACN-ASSIGNMENT2.pdf", "page": 6}}, {"text": "owing over the VPN \nlink.  For example, a client machine will encrypt data and send it to the other VPN endpoint.  At \nthis location, the data will be decrypted and forwarded on to its destination. When the destination \nserver sends a response, the entire process will be completed in reverse. \nTypes of VPNs \n\u2022 Site-to-Site VPN: A site-to-site VPN is designed to securely connect two \ngeographically-distributed sites. VPN functionality is included in most security gateways \ntoday. For instance a n", "metadata": {"doc_id": "ACN-ASSIGNMENT2.pdf", "source": "data/users\\2\\uploads\\ACN-ASSIGNMENT2.pdf", "page": 6}}, {"text": "-distributed sites. VPN functionality is included in most security gateways \ntoday. For instance a next-generation firewall (NGFW) deployed at the perimeter of a \nnetwork protects the corporate network and also serves as a VPN gateway. All traffic \nflowing from one site to the other passes through this gateway, which encrypts the traffic \nsent to the gateway at the other site. This gateway decrypts the data and forwards it on to \nits destination. \n\u2022 Remote Access VPN: A remote access VPN is desi", "metadata": {"doc_id": "ACN-ASSIGNMENT2.pdf", "source": "data/users\\2\\uploads\\ACN-ASSIGNMENT2.pdf", "page": 6}}, {"text": "s the data and forwards it on to \nits destination. \n\u2022 Remote Access VPN: A remote access VPN is designed to link remote users securely to \na corporate network. For instance when the COVID-19 pandemic emerged in 2020, many \norganizations transitioned to a remote workforce, and set up secure remote access \nVPNs from the remote clients to connect to critical business operations at the corporate \nsite. \n\u2022 VPN as a Service: VPN as a Service or a cloud VPN is a VPN hosted in cloud-based \ninfrastructur", "metadata": {"doc_id": "ACN-ASSIGNMENT2.pdf", "source": "data/users\\2\\uploads\\ACN-ASSIGNMENT2.pdf", "page": 6}}, {"text": ". \n\u2022 VPN as a Service: VPN as a Service or a cloud VPN is a VPN hosted in cloud-based \ninfrastructure where packets from the client enter the Internet from that cloud \ninfrastructure instead of the client\u2019s local address. Consumer VPNs commonly use this \nmodel, enabling users to protect themselves while connecting to the Internet via insecure \npublic Wi-Fi and provide some anonymity while accessing the Internet. \n", "metadata": {"doc_id": "ACN-ASSIGNMENT2.pdf", "source": "data/users\\2\\uploads\\ACN-ASSIGNMENT2.pdf", "page": 6}}, {"text": "g the Internet. \n", "metadata": {"doc_id": "ACN-ASSIGNMENT2.pdf", "source": "data/users\\2\\uploads\\ACN-ASSIGNMENT2.pdf", "page": 6}}, {"text": "VPN protocols \nVPN protocols ensure an appropriate level of security to connected systems when the underlying \nnetwork infrastructure alone cannot provide it. Several different protocols can be used to secure \nand encrypt data. They include the following: \n\u2022 IP Security (IPsec) \n\u2022 Secure Sockets Layer (SSL) and Transport Layer Security (TLS) \n\u2022 Point-to-Point Tunneling Protocol (PPTP) \n\u2022 Layer 2 Tunneling Protocol (L2TP) \n\u2022 OpenVPN \n \nBenefits and challenges of using a VPN \nBenefits of using a V", "metadata": {"doc_id": "ACN-ASSIGNMENT2.pdf", "source": "data/users\\2\\uploads\\ACN-ASSIGNMENT2.pdf", "page": 7}}, {"text": "unneling Protocol (L2TP) \n\u2022 OpenVPN \n \nBenefits and challenges of using a VPN \nBenefits of using a VPN include the following: \n\u2022 the ability to hide a user's IP address and browsing history; \n\u2022 secure connections with encrypted data; \n\u2022 bypassing geo-blocked content; and \n\u2022 making it more difficult for advertisers to target ads to individuals. \nThe challenges of using a VPN, however, include the following: \n\u2022 Not all devices may support a VPN. \n\u2022 VPNs do not protect against every threat. \n\u2022 Paid", "metadata": {"doc_id": "ACN-ASSIGNMENT2.pdf", "source": "data/users\\2\\uploads\\ACN-ASSIGNMENT2.pdf", "page": 7}}, {"text": "ollowing: \n\u2022 Not all devices may support a VPN. \n\u2022 VPNs do not protect against every threat. \n\u2022 Paid VPNs are more trusted, secure options. \n\u2022 A VPN may slow down internet speeds. \n\u2022 Anonymity through VPNs has some s limitations -- for example, browser fingerprinting can \nstill be done. ", "metadata": {"doc_id": "ACN-ASSIGNMENT2.pdf", "source": "data/users\\2\\uploads\\ACN-ASSIGNMENT2.pdf", "page": 7}}, {"text": " \n \n \n \n \n  \n              \n \n \n        \n               \n               \n             20MCA104-Advanced Computer Networks  \n                                       Assignment II \n       \n \n \n \n \n \n \n                                                                                                                    \n               \n                                                   Submitted by : ABHINAND K S \n         ROLL NO : 03 \n                                                       RMCA \u2013 A \n ", "metadata": {"doc_id": "ACN-ASSIGNMENT2.pdf", "source": "data/users\\2\\uploads\\ACN-ASSIGNMENT2.pdf", "page": 1}}, {"text": "INAND K S \n         ROLL NO : 03 \n                                                       RMCA \u2013 A \n                                                                                                                                                     ", "metadata": {"doc_id": "ACN-ASSIGNMENT2.pdf", "source": "data/users\\2\\uploads\\ACN-ASSIGNMENT2.pdf", "page": 1}}, {"text": "                      BLUETOOTH  \n \nWhat is Bluetooth? \nBluetooth is a network technology that connects  devices wirelessly over a short-range to form a personal \narea network (PAN). They use short-wavelength, ultra-high frequency (UHF) radio waves within the \nrange 2.400 to 2.485 GHz, instead of RS-232 data cables of wired PANs. \nFeatures of Bluetooth \n\u2022 Bluetooth technology was released in 1999 as Bluetooth 1.0, by Special Interest Group \n(SIG) who continues to manage it. \n\u2022 It was initially s", "metadata": {"doc_id": "ACN-ASSIGNMENT2.pdf", "source": "data/users\\2\\uploads\\ACN-ASSIGNMENT2.pdf", "page": 2}}, {"text": "as Bluetooth 1.0, by Special Interest Group \n(SIG) who continues to manage it. \n\u2022 It was initially standardized as IEEE 802.15.1. \n\u2022 Mobile computing devices and accessories are connected wirelessly by Bluetooth using \nshort-range, low-power, inexpensive radios. \n\u2022 UHF radio waves within the range of 2.400 to 2.485 GHz are using for data \ncommunications. \n\u2022 A PAN or a piconet can be created by Bluetooth within a 10 m radius. \n\u2022 Presently, 2 to 8 devices may be connected. \n\u2022 Bluetooth protocols a", "metadata": {"doc_id": "ACN-ASSIGNMENT2.pdf", "source": "data/users\\2\\uploads\\ACN-ASSIGNMENT2.pdf", "page": 2}}, {"text": "etooth within a 10 m radius. \n\u2022 Presently, 2 to 8 devices may be connected. \n\u2022 Bluetooth protocols allow devices within the range to find Bluetooth devices and connect \nwith them. This is called pairing. Once, the devices are paired, they can transfer data \nsecurely. \n\u2022 Bluetooth has lower power consumption and lower implementation costs than Wi -Fi. \nHowever, the range and transmission speeds are typically lower than Wi-Fi. \n\u2022 The lower power requirements make it less susceptible to interferenc", "metadata": {"doc_id": "ACN-ASSIGNMENT2.pdf", "source": "data/users\\2\\uploads\\ACN-ASSIGNMENT2.pdf", "page": 2}}, {"text": " typically lower than Wi-Fi. \n\u2022 The lower power requirements make it less susceptible to interference with other wireless \ndevices in the same 2.4GHz bandwidth. \n\u2022 Bluetooth version 3.0 and higher versions can deliver a data rate of 24 Mbps. \n\u2022 The Bluetooth version 4.0 came in 2010. It is characterized by low energy consumption, \nmultivendor interoperability, the economy of implementation, and greater range. \n \nThere are two types of Bluetooth networks \u2212 \n\u2022 Piconets \n\u2022 Scatternets \n \nPiconets \n", "metadata": {"doc_id": "ACN-ASSIGNMENT2.pdf", "source": "data/users\\2\\uploads\\ACN-ASSIGNMENT2.pdf", "page": 2}}, {"text": "eater range. \n \nThere are two types of Bluetooth networks \u2212 \n\u2022 Piconets \n\u2022 Scatternets \n \nPiconets \n\u2022 Piconets are small Bluetooth networks, formed by at most 8 stations, one of which is the \nmaster node and the rest slave nodes (maximum of 7 slaves). Master node is the primary \nstation that manages the small network. The slave stations are secondar y stations that are \nsynchronized with the primary station. \n\u2022 Communication can take place between a master node and a slave node in either one -to", "metadata": {"doc_id": "ACN-ASSIGNMENT2.pdf", "source": "data/users\\2\\uploads\\ACN-ASSIGNMENT2.pdf", "page": 2}}, {"text": "ry station. \n\u2022 Communication can take place between a master node and a slave node in either one -to-\none or one -to-many manner. However, no direct communication takes place between \n", "metadata": {"doc_id": "ACN-ASSIGNMENT2.pdf", "source": "data/users\\2\\uploads\\ACN-ASSIGNMENT2.pdf", "page": 2}}, {"text": "slaves. Each station, whether ma ster or slave, is associated with a 48 -bit fixed device \naddress. \n\u2022 Besides the seven active slaves, there can be up to 255 numbers of parked nodes. \nThese are in a low power state for energy conservation. The only work that they \ncan do is respond to a beacon frame for activation from the master node. \n \nScatternodes \nA scatternet is an interconnected collection of two or more piconets. They are formed when a node \nin a piconet, whether a master or a slave, ac", "metadata": {"doc_id": "ACN-ASSIGNMENT2.pdf", "source": "data/users\\2\\uploads\\ACN-ASSIGNMENT2.pdf", "page": 3}}, {"text": " of two or more piconets. They are formed when a node \nin a piconet, whether a master or a slave, acts as a slave in another piconet. This node is called the \nbridge between the two piconets, which connects the individual piconets to form the scatternet. \n \n \n \n \n \n \n \n \n \n \n \n", "metadata": {"doc_id": "ACN-ASSIGNMENT2.pdf", "source": "data/users\\2\\uploads\\ACN-ASSIGNMENT2.pdf", "page": 3}}, {"text": " \n                     FIREWALL \n \nWhat is a firewall? \nFirewalls are tools that protect networks by deciding how and what information can enter and \nexit the network. They can be used to protect large networks and individual computers from \nmalware and data theft. Many of today\u2019s digital devices have them built in. Popular operating \nsystems, such as macOS, Windows, and Linux, have prepackaged firewalls for their users, \nincluding essential components of network security.  \nTypes Of Firewalls \n", "metadata": {"doc_id": "ACN-ASSIGNMENT2.pdf", "source": "data/users\\2\\uploads\\ACN-ASSIGNMENT2.pdf", "page": 4}}, {"text": "rewalls for their users, \nincluding essential components of network security.  \nTypes Of Firewalls \n\u2022 Next-generation firewall (NGFW) \n\u2022 Packet-filtering firewall \n\u2022 Proxy firewall \n\u2022 Stateful inspection firewall \n\u2022 Application firewall \n \nFirewall Rules \nThe firewall rules are the access control mechanism used by firewalls to safeguard your network \nfrom harmful applications and unauthorized access. \nThe firewall rules were structured in the following three areas:  \n\u2022 Incoming traffic \n\u2022 Forwar", "metadata": {"doc_id": "ACN-ASSIGNMENT2.pdf", "source": "data/users\\2\\uploads\\ACN-ASSIGNMENT2.pdf", "page": 4}}, {"text": "ss. \nThe firewall rules were structured in the following three areas:  \n\u2022 Incoming traffic \n\u2022 Forwarding \n\u2022 Outgoing traffic \nFirewall 1 \nThese rules were used for Firewall 1:  \nIncoming traffic  \n1. Stop all incoming traffic.  \n2. Allow all related and established traffic for Firewall 1.  \nForwarding traffic  \n1. Stop all forwarding traffic.  \n2. Allow forwarding of TCP traffic from 192.168.40.60 (proxy server) to the \ninternal servers.  \n", "metadata": {"doc_id": "ACN-ASSIGNMENT2.pdf", "source": "data/users\\2\\uploads\\ACN-ASSIGNMENT2.pdf", "page": 4}}, {"text": " (proxy server) to the \ninternal servers.  \n", "metadata": {"doc_id": "ACN-ASSIGNMENT2.pdf", "source": "data/users\\2\\uploads\\ACN-ASSIGNMENT2.pdf", "page": 4}}, {"text": "3. Allow forwarding of all related and established traffic.  \nOutgoing traffic  \nAllow output traffic for ICMP.  \n \nAll servers on the internal zone have Firewall 1 as their default route. \n \nFirewall 2 \nThese rules were used for Firewall 2:  \nIncoming traffic \n1. Stop all incoming traffic.  \n2. Allow all related and established traffic for Firewall 2.  \nForwarding traffic  \n1. Stop all forwarding traffic.  \n2. Allow forwarding of all related and established traffic.  \n3. Allow forwarding of TCP", "metadata": {"doc_id": "ACN-ASSIGNMENT2.pdf", "source": "data/users\\2\\uploads\\ACN-ASSIGNMENT2.pdf", "page": 5}}, {"text": " traffic.  \n2. Allow forwarding of all related and established traffic.  \n3. Allow forwarding of TCP traffic on IP interface 10.10.60.0 (OSA card) to go to \n192.168.40.21 (Firewall 1) and 192.168.40.60 (proxy server), and when Apache is \nmoved into the DMZ, to 192.168.40.100.  \nOutgoing traffic \nAllow output traffic for ICMP. \nThe client needs to be able to route request through the Firewall 2 to the proxy server. \n \n \n \n \n \n \n \n \n \n \n ", "metadata": {"doc_id": "ACN-ASSIGNMENT2.pdf", "source": "data/users\\2\\uploads\\ACN-ASSIGNMENT2.pdf", "page": 5}}, {"text": "the proxy server. \n \n \n \n \n \n \n \n \n \n \n ", "metadata": {"doc_id": "ACN-ASSIGNMENT2.pdf", "source": "data/users\\2\\uploads\\ACN-ASSIGNMENT2.pdf", "page": 5}}, {"text": " \n                          Vpn \nA VPN (virtual private network) provides a secure, encrypted connection between two points. \nBefore setting up the VPN connection, the two endpoints of the connection create a shared \nencryption key. This can be accomplished by providing a user with a password or using a key \nsharing algorithm. \nOnce the key has been shared, it can be used to encrypt all traffic flowing over the VPN \nlink.  For example, a client machine will encrypt data and send it to the other ", "metadata": {"doc_id": "ACN-ASSIGNMENT2.pdf", "source": "data/users\\2\\uploads\\ACN-ASSIGNMENT2.pdf", "page": 6}}, {"text": "owing over the VPN \nlink.  For example, a client machine will encrypt data and send it to the other VPN endpoint.  At \nthis location, the data will be decrypted and forwarded on to its destination. When the destination \nserver sends a response, the entire process will be completed in reverse. \nTypes of VPNs \n\u2022 Site-to-Site VPN: A site-to-site VPN is designed to securely connect two \ngeographically-distributed sites. VPN functionality is included in most security gateways \ntoday. For instance a n", "metadata": {"doc_id": "ACN-ASSIGNMENT2.pdf", "source": "data/users\\2\\uploads\\ACN-ASSIGNMENT2.pdf", "page": 6}}, {"text": "-distributed sites. VPN functionality is included in most security gateways \ntoday. For instance a next-generation firewall (NGFW) deployed at the perimeter of a \nnetwork protects the corporate network and also serves as a VPN gateway. All traffic \nflowing from one site to the other passes through this gateway, which encrypts the traffic \nsent to the gateway at the other site. This gateway decrypts the data and forwards it on to \nits destination. \n\u2022 Remote Access VPN: A remote access VPN is desi", "metadata": {"doc_id": "ACN-ASSIGNMENT2.pdf", "source": "data/users\\2\\uploads\\ACN-ASSIGNMENT2.pdf", "page": 6}}, {"text": "s the data and forwards it on to \nits destination. \n\u2022 Remote Access VPN: A remote access VPN is designed to link remote users securely to \na corporate network. For instance when the COVID-19 pandemic emerged in 2020, many \norganizations transitioned to a remote workforce, and set up secure remote access \nVPNs from the remote clients to connect to critical business operations at the corporate \nsite. \n\u2022 VPN as a Service: VPN as a Service or a cloud VPN is a VPN hosted in cloud-based \ninfrastructur", "metadata": {"doc_id": "ACN-ASSIGNMENT2.pdf", "source": "data/users\\2\\uploads\\ACN-ASSIGNMENT2.pdf", "page": 6}}, {"text": ". \n\u2022 VPN as a Service: VPN as a Service or a cloud VPN is a VPN hosted in cloud-based \ninfrastructure where packets from the client enter the Internet from that cloud \ninfrastructure instead of the client\u2019s local address. Consumer VPNs commonly use this \nmodel, enabling users to protect themselves while connecting to the Internet via insecure \npublic Wi-Fi and provide some anonymity while accessing the Internet. \n", "metadata": {"doc_id": "ACN-ASSIGNMENT2.pdf", "source": "data/users\\2\\uploads\\ACN-ASSIGNMENT2.pdf", "page": 6}}, {"text": "g the Internet. \n", "metadata": {"doc_id": "ACN-ASSIGNMENT2.pdf", "source": "data/users\\2\\uploads\\ACN-ASSIGNMENT2.pdf", "page": 6}}, {"text": "VPN protocols \nVPN protocols ensure an appropriate level of security to connected systems when the underlying \nnetwork infrastructure alone cannot provide it. Several different protocols can be used to secure \nand encrypt data. They include the following: \n\u2022 IP Security (IPsec) \n\u2022 Secure Sockets Layer (SSL) and Transport Layer Security (TLS) \n\u2022 Point-to-Point Tunneling Protocol (PPTP) \n\u2022 Layer 2 Tunneling Protocol (L2TP) \n\u2022 OpenVPN \n \nBenefits and challenges of using a VPN \nBenefits of using a V", "metadata": {"doc_id": "ACN-ASSIGNMENT2.pdf", "source": "data/users\\2\\uploads\\ACN-ASSIGNMENT2.pdf", "page": 7}}, {"text": "unneling Protocol (L2TP) \n\u2022 OpenVPN \n \nBenefits and challenges of using a VPN \nBenefits of using a VPN include the following: \n\u2022 the ability to hide a user's IP address and browsing history; \n\u2022 secure connections with encrypted data; \n\u2022 bypassing geo-blocked content; and \n\u2022 making it more difficult for advertisers to target ads to individuals. \nThe challenges of using a VPN, however, include the following: \n\u2022 Not all devices may support a VPN. \n\u2022 VPNs do not protect against every threat. \n\u2022 Paid", "metadata": {"doc_id": "ACN-ASSIGNMENT2.pdf", "source": "data/users\\2\\uploads\\ACN-ASSIGNMENT2.pdf", "page": 7}}, {"text": "ollowing: \n\u2022 Not all devices may support a VPN. \n\u2022 VPNs do not protect against every threat. \n\u2022 Paid VPNs are more trusted, secure options. \n\u2022 A VPN may slow down internet speeds. \n\u2022 Anonymity through VPNs has some s limitations -- for example, browser fingerprinting can \nstill be done. ", "metadata": {"doc_id": "ACN-ASSIGNMENT2.pdf", "source": "data/users\\2\\uploads\\ACN-ASSIGNMENT2.pdf", "page": 7}}]